anio,mes,iap,iap_label
2021,8,2.872801635991821,Very wet
2021,9,11.767610419026045,Etremely wet
2021,10,-0.9390636611345057,Slightly dry
2021,11,-1.387809310778691,Moderately dry
